variant	af_tot	ac_tot	an_tot	hom_tot
VAR1	0.0801857	1762	21974	10
VAR2	0.363636	32	88	4
VAR3	0.102748	3021	29402	27
VAR4	0.000547645	6	10956	0
VAR5	0.502097	5746	11444	2064
VAR6	0.144117	2957	20518	0
VAR7	0.836364	1196	1430	503
