variant	af_tot	ac_tot	an_tot	hom_tot
1_1001_A_C	0.0801857	1762	21974	10
1_1004_A_C	0.363636	32	88	4
2_1090_G_C	0.102748	3021	29402	27
2_1091_G_A	0.000547645	6	10956	0
7_2500_A_AA	0.502097	5746	11444	2064
7_2500_A_GG	0.144117	2957	20518	0
7_2510_AC_A	0.836364	1196	1430	503
