variant	af_tot	ac_tot	an_tot	hom_tot	filter	exomes_filters	genomes_filters
1_1001_A_C	0.0801858	1762	21974	10	PASS	NA	NA
1_1004_A_C	0.363636	32	88	4	PASS	NA	NA
2_1090_G_C	0.102748	3021	29402	27	PASS	NA	NA
2_1091_G_A	0.000547646	6	10956	0	GENOMES_FILTERED	NA	AS_VQSR
7_2500_A_AA	0.502097	5746	11444	2064	PASS	NA	NA
7_2500_A_GG	0.144117	2957	20518	0	PASS	NA	NA
7_2510_AC_A	0.836364	1196	1431	503	BOTH_FILTERED	AS_VQSR	AS_VQSR
