variant	af_tot	af_xx	af_xy	ac_tot	ac_xx	ac_xy	an_tot	an_xx	an_xy	hom_tot	hom_xx	hom_xy	quality
1_1001_A_C	0.500000	0.500000	0.500000	5	2	3	10	4	6	1	0	1	20.00
1_1004_A_C	0.200000	0.00000	0.333333	2	0	2	10	4	6	1	0	1	11.00
