variant	af_tot	af_xx	af_xy	ac_tot	ac_xx	ac_xy	an_tot	an_xx	an_xy	hom_tot	hom_xx	hom_xy	quality
2_1090_G_C	0.100000	0.250000	0.00000	1	1	0	10	4	6	0	0	0	17.00
2_1091_G_A	0.250000	0.00000	0.333333	2	0	2	8	2	6	1	0	1	14.00
