variant	af_tot	af_xx	af_xy	ac_tot	ac_xx	ac_xy	an_tot	an_xx	an_xy	hom_tot	hom_xx	hom_xy	quality
7_2500_A_AA	0.875000	0.750000	1.00000	7	3	4	8	4	4	3	1	2	36.00
7_2500_A_GG	0.125000	0.00000	0.250000	1	0	1	8	4	4	0	0	0	17.00
7_2510_AC_A	1.00000	1.00000	1.00000	8	4	4	8	4	4	4	2	2	34.00
