variant	af_tot	af_xx	af_xy	ac_tot	ac_xx	ac_xy	an_tot	an_xx	an_xy	hom_tot	hom_xx	hom_xy	quality
1_1001_A_C	0.500000	0.500000	0.500000	5	2	3	10	4	6	1	0	1	20.00
1_1004_A_C	0.200000	0.00000	0.333333	2	0	2	10	4	6	1	0	1	11.00
2_1090_G_C	0.100000	0.250000	0.00000	1	1	0	10	4	6	0	0	0	17.00
2_1091_G_A	0.250000	0.00000	0.333333	2	0	2	8	2	6	1	0	1	14.00
7_2500_A_AA	0.875000	0.750000	1.00000	7	3	4	8	4	4	3	1	2	36.00
7_2500_A_GG	0.125000	0.00000	0.250000	1	0	1	8	4	4	0	0	0	17.00
7_2510_AC_A	1.00000	1.00000	1.00000	8	4	4	8	4	4	4	2	2	34.00
