variant	an	ac_hom	ac_het	af_hom	af_het	max_hl
chrM_88_C_T	56395	1980	25	0.035109494	0.00044330172	1
chrM_99_GG_-	54368	3593	271	0.06608667	0.0049845497	1
