variant	an	ac_hom	ac_het	af_hom	af_het	max_hl
1_1001_A_C	56433	0	0	0	0	0
1_1004_A_C	56433	0	0	0	0	0
2_1090_G_C	56164	40199	6	0.7157432	0.00010683	1
2_1091_G_A	56315	9364	37	0.16627897	0.00065701857	1
7_2500_A_AA	55793	17705	191	0.31733373	0.0034233686	1
7_2500_A_GG	56395	1980	25	0.035109494	0.00044330172	1
7_2510_AC_A	54368	3593	271	0.06608667	0.0049845497	1
